latitude,longitude,elevation,utc_offset_seconds,timezone,timezone_abbreviation
-33.399998,-70.6,678.0,-14400,America/Santiago,GMT-4

time,pm10 (μg/m³),pm2_5 (μg/m³)
2026-07-01T00:00,23.1,23.0
2026-07-01T01:00,19.8,19.7
2026-07-01T02:00,16.2,16.1
2026-07-01T03:00,12.9,12.8
2026-07-01T04:00,9.9,9.7
2026-07-01T05:00,7.0,6.8
2026-07-01T06:00,5.4,5.2
2026-07-01T07:00,5.2,4.9
2026-07-01T08:00,0.0,0.0
2026-07-01T09:00,2.8,2.8
2026-07-01T10:00,3.7,3.6
2026-07-01T11:00,5.5,5.3
2026-07-01T12:00,13.7,13.5
2026-07-01T13:00,22.4,22.3
2026-07-01T14:00,29.5,29.5
2026-07-01T15:00,33.8,33.8
2026-07-01T16:00,36.0,35.9
2026-07-01T17:00,38.6,38.5
2026-07-01T18:00,42.7,42.7
2026-07-01T19:00,38.0,38.0
2026-07-01T20:00,45.5,44.8
2026-07-01T21:00,38.5,38.0
2026-07-01T22:00,31.5,30.0
2026-07-01T23:00,25.4,23.6
2026-07-02T00:00,19.3,17.3
2026-07-02T01:00,12.4,10.4
2026-07-02T02:00,8.1,6.1
2026-07-02T03:00,6.9,4.9
2026-07-02T04:00,7.3,5.3
2026-07-02T05:00,6.8,5.0
2026-07-02T06:00,6.4,4.9
2026-07-02T07:00,6.9,5.6
2026-07-02T08:00,1.8,1.8
2026-07-02T09:00,10.2,10.2
2026-07-02T10:00,10.9,10.8
2026-07-02T11:00,3.2,3.1
2026-07-02T12:00,4.7,4.4
2026-07-02T13:00,8.6,8.4
2026-07-02T14:00,14.4,14.3
2026-07-02T15:00,20.0,20.0
2026-07-02T16:00,24.7,24.6
2026-07-02T17:00,29.1,29.0
2026-07-02T18:00,34.8,34.7
2026-07-02T19:00,38.0,38.0
2026-07-02T20:00,39.5,38.2
2026-07-02T21:00,38.2,36.9
2026-07-02T22:00,35.2,33.6
2026-07-02T23:00,31.9,30.3
2026-07-03T00:00,28.1,26.4
2026-07-03T01:00,24.0,22.4
2026-07-03T02:00,20.8,19.2
2026-07-03T03:00,17.6,16.1
2026-07-03T04:00,13.9,12.4
2026-07-03T05:00,9.7,8.3
2026-07-03T06:00,8.3,6.8
2026-07-03T07:00,7.7,6.2
2026-07-03T08:00,2.0,1.4
2026-07-03T09:00,5.6,4.8
2026-07-03T10:00,6.1,5.4
2026-07-03T11:00,4.8,4.0
2026-07-03T12:00,9.8,9.1
2026-07-03T13:00,19.2,18.7
2026-07-03T14:00,28.5,28.2
2026-07-03T15:00,36.3,36.1
2026-07-03T16:00,42.7,42.5
2026-07-03T17:00,48.3,48.1
2026-07-03T18:00,54.4,54.1
2026-07-03T19:00,59.8,59.6
2026-07-03T20:00,48.4,48.3
2026-07-03T21:00,47.3,47.0
2026-07-03T22:00,45.8,45.5
2026-07-03T23:00,42.8,42.6
2026-07-04T00:00,39.2,39.0
2026-07-04T01:00,35.9,35.5
2026-07-04T02:00,33.2,32.8
2026-07-04T03:00,32.7,32.4
2026-07-04T04:00,32.8,32.5
2026-07-04T05:00,32.5,32.1
2026-07-04T06:00,32.7,32.4
2026-07-04T07:00,32.6,32.2
2026-07-04T08:00,3.8,3.7
2026-07-04T09:00,8.8,8.7
2026-07-04T10:00,9.7,9.7
2026-07-04T11:00,13.7,13.7
2026-07-04T12:00,16.8,16.8
2026-07-04T13:00,17.9,17.9
2026-07-04T14:00,17.0,17.0
2026-07-04T15:00,17.8,17.8
2026-07-04T16:00,18.7,18.7
2026-07-04T17:00,21.5,21.5
2026-07-04T18:00,20.5,20.5
2026-07-04T19:00,17.2,17.2
2026-07-04T20:00,26.8,26.7
2026-07-04T21:00,26.5,26.4
2026-07-04T22:00,26.4,26.4
2026-07-04T23:00,26.0,25.9
2026-07-05T00:00,25.5,25.4
2026-07-05T01:00,25.2,25.1
2026-07-05T02:00,23.6,23.5
2026-07-05T03:00,21.8,21.8
2026-07-05T04:00,20.7,20.7
2026-07-05T05:00,19.4,19.3
2026-07-05T06:00,17.8,17.8
2026-07-05T07:00,16.6,16.5
2026-07-05T08:00,7.6,7.2
2026-07-05T09:00,10.1,9.5
2026-07-05T10:00,11.9,11.4
2026-07-05T11:00,8.8,8.1
2026-07-05T12:00,7.4,6.3
2026-07-05T13:00,6.9,5.7
2026-07-05T14:00,6.6,5.3
2026-07-05T15:00,6.2,5.0
2026-07-05T16:00,6.4,5.3
2026-07-05T17:00,8.8,7.5
2026-07-05T18:00,13.0,11.4
2026-07-05T19:00,14.3,13.0
2026-07-05T20:00,14.1,13.8
2026-07-05T21:00,17.0,16.7
2026-07-05T22:00,18.6,18.3
2026-07-05T23:00,19.4,19.0
2026-07-06T00:00,18.6,18.2
2026-07-06T01:00,15.9,15.5
2026-07-06T02:00,13.0,12.7
2026-07-06T03:00,10.2,10.0
2026-07-06T04:00,7.9,7.7
2026-07-06T05:00,6.2,6.0
2026-07-06T06:00,5.3,5.0
2026-07-06T07:00,6.5,6.3
2026-07-06T08:00,10.0,9.7
2026-07-06T09:00,16.7,16.4
2026-07-06T10:00,23.5,22.9
2026-07-06T11:00,18.0,17.2
2026-07-06T12:00,6.7,6.4
2026-07-06T13:00,3.4,3.1
2026-07-06T14:00,3.0,2.7
2026-07-06T15:00,3.2,2.9
2026-07-06T16:00,4.7,4.3
2026-07-06T17:00,6.9,6.5
2026-07-06T18:00,9.4,9.0
2026-07-06T19:00,11.1,10.8
2026-07-06T20:00,16.5,16.1
2026-07-06T21:00,18.6,18.1
2026-07-06T22:00,19.1,18.6
2026-07-06T23:00,18.6,18.2
2026-07-07T00:00,17.1,16.6
2026-07-07T01:00,14.3,13.9
2026-07-07T02:00,11.5,11.1
2026-07-07T03:00,9.4,9.0
2026-07-07T04:00,8.1,7.7
2026-07-07T05:00,7.0,6.6
2026-07-07T06:00,6.2,5.9
2026-07-07T07:00,7.6,7.3
2026-07-07T08:00,8.8,8.6
2026-07-07T09:00,16.1,15.8
2026-07-07T10:00,22.5,22.2
2026-07-07T11:00,29.0,27.8
2026-07-07T12:00,8.0,7.6
2026-07-07T13:00,4.9,4.5
2026-07-07T14:00,5.5,5.0
2026-07-07T15:00,7.0,6.2
2026-07-07T16:00,10.0,9.0
2026-07-07T17:00,16.1,14.9
2026-07-07T18:00,19.2,17.9
2026-07-07T19:00,19.7,18.5
2026-07-07T20:00,22.4,20.7
2026-07-07T21:00,17.2,16.0
2026-07-07T22:00,13.4,12.4
2026-07-07T23:00,10.0,9.2
2026-07-08T00:00,7.0,6.3
2026-07-08T01:00,5.0,4.3
2026-07-08T02:00,4.7,4.1
2026-07-08T03:00,5.2,4.5
2026-07-08T04:00,8.1,7.5
2026-07-08T05:00,9.6,9.0
2026-07-08T06:00,9.3,8.6
2026-07-08T07:00,9.9,9.1
2026-07-08T08:00,7.8,7.4
2026-07-08T09:00,15.4,15.0
2026-07-08T10:00,15.8,15.5
2026-07-08T11:00,15.8,15.4
2026-07-08T12:00,16.6,16.1
2026-07-08T13:00,23.9,23.0
2026-07-08T14:00,29.9,28.6
2026-07-08T15:00,43.5,41.9
2026-07-08T16:00,52.2,50.5
2026-07-08T17:00,52.9,51.0
2026-07-08T18:00,58.7,56.6
2026-07-08T19:00,59.6,57.4
2026-07-08T20:00,19.2,18.3
2026-07-08T21:00,21.3,20.4
2026-07-08T22:00,24.5,23.3
2026-07-08T23:00,23.9,22.6
2026-07-09T00:00,22.8,21.6
2026-07-09T01:00,22.9,21.7
2026-07-09T02:00,21.7,20.5
2026-07-09T03:00,18.8,17.8
2026-07-09T04:00,16.5,15.6
2026-07-09T05:00,13.9,13.1
2026-07-09T06:00,11.2,10.5
2026-07-09T07:00,9.1,8.5
2026-07-09T08:00,2.8,2.7
2026-07-09T09:00,4.3,4.2
2026-07-09T10:00,4.8,4.7
2026-07-09T11:00,5.5,5.3
2026-07-09T12:00,12.7,12.2
2026-07-09T13:00,19.1,18.5
2026-07-09T14:00,25.1,24.4
2026-07-09T15:00,27.9,27.2
2026-07-09T16:00,32.0,31.2
2026-07-09T17:00,35.3,34.5
2026-07-09T18:00,37.4,36.4
2026-07-09T19:00,40.5,39.3
2026-07-09T20:00,39.7,38.2
2026-07-09T21:00,34.9,33.6
2026-07-09T22:00,39.9,37.8
2026-07-09T23:00,44.6,42.3
2026-07-10T00:00,46.0,43.8
2026-07-10T01:00,47.4,45.2
2026-07-10T02:00,52.5,50.2
2026-07-10T03:00,58.7,56.2
2026-07-10T04:00,61.7,59.0
2026-07-10T05:00,64.3,61.5
2026-07-10T06:00,60.3,57.7
2026-07-10T07:00,46.3,44.5
2026-07-10T08:00,22.3,21.4
2026-07-10T09:00,33.3,32.0
2026-07-10T10:00,38.0,36.6
2026-07-10T11:00,22.9,22.1
2026-07-10T12:00,17.3,16.6
2026-07-10T13:00,11.7,11.2
2026-07-10T14:00,7.1,6.7
2026-07-10T15:00,5.1,4.5
2026-07-10T16:00,7.4,6.7
2026-07-10T17:00,11.6,10.6
2026-07-10T18:00,16.2,14.9
2026-07-10T19:00,19.9,18.4
2026-07-10T20:00,16.4,14.6
2026-07-10T21:00,12.7,11.1
2026-07-10T22:00,13.1,11.6
2026-07-10T23:00,13.7,12.2
2026-07-11T00:00,10.2,8.9
2026-07-11T01:00,9.2,7.9
2026-07-11T02:00,9.8,8.5
2026-07-11T03:00,8.6,7.3
2026-07-11T04:00,6.6,5.5
2026-07-11T05:00,4.5,3.6
2026-07-11T06:00,3.0,2.3
2026-07-11T07:00,2.9,2.2
2026-07-11T08:00,0.7,0.6
2026-07-11T09:00,3.0,2.8
2026-07-11T10:00,4.0,3.9
2026-07-11T11:00,3.8,3.6
2026-07-11T12:00,2.0,1.7
2026-07-11T13:00,2.4,2.0
2026-07-11T14:00,3.2,2.7
2026-07-11T15:00,4.3,3.7
2026-07-11T16:00,5.5,4.8
2026-07-11T17:00,6.8,6.1
2026-07-11T18:00,10.5,9.9
2026-07-11T19:00,13.9,13.2
2026-07-11T20:00,11.8,11.2
2026-07-11T21:00,10.4,10.0
2026-07-11T22:00,10.0,9.8
2026-07-11T23:00,10.0,9.8
2026-07-12T00:00,8.8,8.6
2026-07-12T01:00,6.3,6.1
2026-07-12T02:00,5.2,4.9
2026-07-12T03:00,4.4,4.1
2026-07-12T04:00,3.7,3.4
2026-07-12T05:00,3.1,2.8
2026-07-12T06:00,2.9,2.6
2026-07-12T07:00,3.8,3.5
2026-07-12T08:00,8.4,7.8
2026-07-12T09:00,13.4,12.9
2026-07-12T10:00,19.0,18.2
2026-07-12T11:00,9.3,8.6
2026-07-12T12:00,4.5,3.9
2026-07-12T13:00,5.1,4.4
2026-07-12T14:00,6.8,5.8
2026-07-12T15:00,8.1,7.2
2026-07-12T16:00,10.1,9.1
2026-07-12T17:00,13.1,12.0
2026-07-12T18:00,16.8,15.5
2026-07-12T19:00,19.9,18.6
2026-07-12T20:00,11.3,10.4
2026-07-12T21:00,12.5,11.6
2026-07-12T22:00,12.8,11.9
2026-07-12T23:00,12.4,11.6
2026-07-13T00:00,11.0,10.4
2026-07-13T01:00,8.4,7.8
2026-07-13T02:00,6.3,5.8
2026-07-13T03:00,4.9,4.5
2026-07-13T04:00,4.0,3.6
2026-07-13T05:00,3.4,3.0
2026-07-13T06:00,3.2,2.7
2026-07-13T07:00,3.5,3.1
2026-07-13T08:00,5.7,5.5
2026-07-13T09:00,13.1,12.8
2026-07-13T10:00,21.0,20.5
2026-07-13T11:00,14.2,13.5
2026-07-13T12:00,12.0,11.0
2026-07-13T13:00,13.6,12.6
2026-07-13T14:00,16.8,15.9
2026-07-13T15:00,22.1,21.6
2026-07-13T16:00,28.7,28.4
2026-07-13T17:00,35.0,34.8
2026-07-13T18:00,43.5,43.3
2026-07-13T19:00,48.8,48.4
2026-07-13T20:00,29.2,28.8
2026-07-13T21:00,27.0,26.4
2026-07-13T22:00,26.4,25.6
2026-07-13T23:00,28.3,27.4
2026-07-14T00:00,27.8,26.7
2026-07-14T01:00,25.4,24.3
2026-07-14T02:00,23.2,22.2
2026-07-14T03:00,20.4,19.4
2026-07-14T04:00,18.0,17.1
2026-07-14T05:00,20.3,19.2
2026-07-14T06:00,28.2,26.8
2026-07-14T07:00,34.9,33.1
2026-07-14T08:00,7.2,6.7
2026-07-14T09:00,8.4,7.9
2026-07-14T10:00,9.6,9.1
2026-07-14T11:00,11.1,10.5
2026-07-14T12:00,17.3,16.6
2026-07-14T13:00,24.9,24.0
2026-07-14T14:00,35.4,34.7
2026-07-14T15:00,44.4,44.0
2026-07-14T16:00,51.9,51.7
2026-07-14T17:00,55.2,54.8
2026-07-14T18:00,57.4,57.2
2026-07-14T19:00,60.8,60.3
2026-07-14T20:00,55.3,54.7
2026-07-14T21:00,57.0,56.0
2026-07-14T22:00,56.1,54.9
2026-07-14T23:00,53.1,51.9
2026-07-15T00:00,51.3,50.1
2026-07-15T01:00,50.4,48.9
2026-07-15T02:00,45.8,44.1
2026-07-15T03:00,45.2,43.3
2026-07-15T04:00,50.4,48.2
2026-07-15T05:00,57.0,54.5
2026-07-15T06:00,60.8,58.0
2026-07-15T07:00,60.8,57.9
2026-07-15T08:00,17.3,16.9
2026-07-15T09:00,24.7,24.0
2026-07-15T10:00,32.1,31.3
2026-07-15T11:00,36.2,35.4
2026-07-15T12:00,36.8,36.1
2026-07-15T13:00,40.9,39.8
2026-07-15T14:00,43.4,42.3
2026-07-15T15:00,38.8,37.7
2026-07-15T16:00,32.5,31.7
2026-07-15T17:00,27.5,26.8
2026-07-15T18:00,22.5,21.8
2026-07-15T19:00,21.1,20.4
2026-07-15T20:00,21.2,19.9
2026-07-15T21:00,18.4,17.2
2026-07-15T22:00,14.8,13.7
2026-07-15T23:00,20.7,19.7
2026-07-16T00:00,25.7,24.7
2026-07-16T01:00,27.3,26.3
2026-07-16T02:00,34.1,33.2
2026-07-16T03:00,34.1,33.2
2026-07-16T04:00,30.9,29.9
2026-07-16T05:00,27.2,26.4
2026-07-16T06:00,32.1,31.0
2026-07-16T07:00,37.4,35.9
2026-07-16T08:00,13.5,12.4
2026-07-16T09:00,16.1,14.5
2026-07-16T10:00,18.3,16.6
2026-07-16T11:00,20.0,18.3
2026-07-16T12:00,18.5,17.1
2026-07-16T13:00,18.4,17.4
2026-07-16T14:00,11.4,11.0
2026-07-16T15:00,3.5,3.5
2026-07-16T16:00,3.6,3.6
2026-07-16T17:00,3.8,3.8
2026-07-16T18:00,4.7,4.7
2026-07-16T19:00,5.1,5.1
2026-07-16T20:00,12.0,11.7
2026-07-16T21:00,14.3,14.0
2026-07-16T22:00,13.4,13.1
2026-07-16T23:00,12.0,11.6
2026-07-17T00:00,8.8,8.6
2026-07-17T01:00,6.7,6.5
2026-07-17T02:00,3.5,3.4
2026-07-17T03:00,1.3,1.3
2026-07-17T04:00,1.1,1.1
2026-07-17T05:00,1.9,1.8
2026-07-17T06:00,2.1,2.1
2026-07-17T07:00,3.7,3.6
2026-07-17T08:00,4.5,4.5
2026-07-17T09:00,7.9,7.9
2026-07-17T10:00,10.3,10.2
2026-07-17T11:00,10.6,10.5
2026-07-17T12:00,8.8,8.7
2026-07-17T13:00,8.7,8.6
2026-07-17T14:00,7.8,7.8
2026-07-17T15:00,8.2,8.1
2026-07-17T16:00,9.9,9.8
2026-07-17T17:00,12.1,11.9
2026-07-17T18:00,11.1,11.0
2026-07-17T19:00,10.1,10.1
2026-07-17T20:00,10.7,10.6
2026-07-17T21:00,7.1,7.0
2026-07-17T22:00,5.8,5.8
2026-07-17T23:00,4.7,4.7
2026-07-18T00:00,3.4,3.4
2026-07-18T01:00,2.7,2.7
2026-07-18T02:00,2.0,2.0
2026-07-18T03:00,1.4,1.4
2026-07-18T04:00,1.2,1.2
2026-07-18T05:00,1.0,1.0
2026-07-18T06:00,0.9,0.9
2026-07-18T07:00,1.1,1.1
2026-07-18T08:00,4.6,4.6
2026-07-18T09:00,5.3,5.2
2026-07-18T10:00,6.2,6.1
2026-07-18T11:00,6.9,6.9
2026-07-18T12:00,9.4,9.4
2026-07-18T13:00,10.1,10.1
2026-07-18T14:00,10.3,10.3
2026-07-18T15:00,11.3,11.3
2026-07-18T16:00,13.4,13.4
2026-07-18T17:00,13.4,13.4
2026-07-18T18:00,14.6,14.6
2026-07-18T19:00,13.0,13.0
2026-07-18T20:00,18.2,17.6
2026-07-18T21:00,17.2,16.6
2026-07-18T22:00,13.0,12.5
2026-07-18T23:00,8.7,8.4
2026-07-19T00:00,5.3,5.2
2026-07-19T01:00,3.1,3.0
2026-07-19T02:00,2.0,1.9
2026-07-19T03:00,1.5,1.4
2026-07-19T04:00,1.5,1.4
2026-07-19T05:00,1.8,1.7
2026-07-19T06:00,2.7,2.5
2026-07-19T07:00,5.0,4.8
2026-07-19T08:00,5.0,4.9
2026-07-19T09:00,10.4,10.3
2026-07-19T10:00,15.8,15.5
2026-07-19T11:00,21.2,20.9
2026-07-19T12:00,28.1,27.4
2026-07-19T13:00,35.9,34.9
2026-07-19T14:00,20.2,19.4
2026-07-19T15:00,17.8,16.8
2026-07-19T16:00,19.8,18.9
2026-07-19T17:00,19.6,18.7
2026-07-19T18:00,18.8,17.9
2026-07-19T19:00,18.5,17.5
2026-07-19T20:00,25.3,23.2
2026-07-19T21:00,25.6,23.6
2026-07-19T22:00,24.0,22.2
2026-07-19T23:00,22.5,20.9
2026-07-20T00:00,19.8,18.4
2026-07-20T01:00,16.2,15.0
2026-07-20T02:00,12.4,11.4
2026-07-20T03:00,10.6,9.7
2026-07-20T04:00,9.1,8.4
2026-07-20T05:00,7.0,6.5
2026-07-20T06:00,4.8,4.5
2026-07-20T07:00,4.2,4.1
2026-07-20T08:00,7.3,7.0
2026-07-20T09:00,6.3,6.2
2026-07-20T10:00,6.6,6.5
2026-07-20T11:00,5.6,5.6
2026-07-20T12:00,5.3,5.3
2026-07-20T13:00,7.8,7.8
2026-07-20T14:00,8.2,8.2
2026-07-20T15:00,9.9,9.9
2026-07-20T16:00,10.4,10.3
2026-07-20T17:00,11.7,11.7
2026-07-20T18:00,15.1,15.1
2026-07-20T19:00,16.4,16.4
2026-07-20T20:00,8.8,8.5
2026-07-20T21:00,9.9,9.6
2026-07-20T22:00,10.5,10.2
2026-07-20T23:00,10.8,10.5
2026-07-21T00:00,10.4,10.1
2026-07-21T01:00,9.2,8.9
2026-07-21T02:00,8.4,8.1
2026-07-21T03:00,8.0,7.7
2026-07-21T04:00,8.1,7.9
2026-07-21T05:00,8.1,7.8
2026-07-21T06:00,8.4,8.1
2026-07-21T07:00,10.7,10.3
2026-07-21T08:00,7.9,7.8
2026-07-21T09:00,13.4,13.2
2026-07-21T10:00,20.3,20.0
2026-07-21T11:00,14.9,14.6
2026-07-21T12:00,12.5,12.3
2026-07-21T13:00,13.9,13.9
2026-07-21T14:00,12.3,12.3
2026-07-21T15:00,11.9,11.9
2026-07-21T16:00,12.3,12.3
2026-07-21T17:00,12.3,12.3
2026-07-21T18:00,17.1,17.1
2026-07-21T19:00,20.9,20.8
2026-07-21T20:00,7.5,7.3
2026-07-21T21:00,8.1,8.0
2026-07-21T22:00,12.4,12.1
2026-07-21T23:00,15.9,15.6
2026-07-22T00:00,17.9,17.6
2026-07-22T01:00,14.7,14.4
2026-07-22T02:00,4.2,4.0
2026-07-22T03:00,1.6,1.5
2026-07-22T04:00,1.2,1.0
2026-07-22T05:00,1.2,1.1
2026-07-22T06:00,2.0,1.7
2026-07-22T07:00,4.3,4.1
2026-07-22T08:00,9.2,9.0
2026-07-22T09:00,16.5,16.1
2026-07-22T10:00,21.1,20.6
2026-07-22T11:00,22.9,22.2
2026-07-22T12:00,28.3,27.3
2026-07-22T13:00,43.5,41.1
2026-07-22T14:00,56.7,53.7
2026-07-22T15:00,57.0,53.9
2026-07-22T16:00,29.5,26.5
2026-07-22T17:00,28.8,25.8
2026-07-22T18:00,37.8,34.3
2026-07-22T19:00,44.9,41.0
2026-07-22T20:00,68.7,63.1
2026-07-22T21:00,64.5,59.8
2026-07-22T22:00,60.5,56.2
2026-07-22T23:00,56.0,52.2
2026-07-23T00:00,44.2,40.9
2026-07-23T01:00,34.8,31.5
2026-07-23T02:00,33.9,30.6
2026-07-23T03:00,31.0,27.5
2026-07-23T04:00,31.4,27.7
2026-07-23T05:00,34.0,29.8
2026-07-23T06:00,33.5,29.2
2026-07-23T07:00,31.8,27.5
2026-07-23T08:00,15.8,13.6
2026-07-23T09:00,18.0,15.9
2026-07-23T10:00,21.6,19.6
2026-07-23T11:00,15.2,13.7
2026-07-23T12:00,15.5,13.8
2026-07-23T13:00,21.0,18.6
2026-07-23T14:00,27.2,24.3
2026-07-23T15:00,32.0,29.3
2026-07-23T16:00,36.6,33.9
2026-07-23T17:00,39.5,36.7
2026-07-23T18:00,41.7,38.6
2026-07-23T19:00,43.9,40.7
2026-07-23T20:00,18.6,16.4
2026-07-23T21:00,16.6,14.8
2026-07-23T22:00,16.8,15.0
2026-07-23T23:00,18.9,16.9
2026-07-24T00:00,20.8,18.7
2026-07-24T01:00,20.1,17.9
2026-07-24T02:00,17.3,15.3
2026-07-24T03:00,15.7,13.5
2026-07-24T04:00,13.8,11.7
2026-07-24T05:00,13.2,11.2
2026-07-24T06:00,12.1,10.2
2026-07-24T07:00,13.5,11.6
2026-07-24T08:00,12.1,11.2
2026-07-24T09:00,19.8,18.9
2026-07-24T10:00,14.3,12.6
2026-07-24T11:00,14.5,12.6
2026-07-24T12:00,23.6,21.7
2026-07-24T13:00,28.6,27.5
2026-07-24T14:00,31.3,30.3
2026-07-24T15:00,44.5,43.4
2026-07-24T16:00,54.6,53.7
2026-07-24T17:00,58.6,57.6
2026-07-24T18:00,67.5,66.6
2026-07-24T19:00,77.3,76.4
2026-07-24T20:00,72.2,69.2
2026-07-24T21:00,72.6,69.2
2026-07-24T22:00,68.2,64.0
2026-07-24T23:00,66.6,61.9
2026-07-25T00:00,63.1,58.6
2026-07-25T01:00,60.5,55.9
2026-07-25T02:00,60.3,55.9
2026-07-25T03:00,52.5,48.4
2026-07-25T04:00,42.8,40.0
2026-07-25T05:00,34.7,33.2
2026-07-25T06:00,29.6,28.5
2026-07-25T07:00,26.8,25.7
2026-07-25T08:00,31.3,30.3
2026-07-25T09:00,36.0,34.7
2026-07-25T10:00,38.4,37.1
2026-07-25T11:00,39.2,38.1
2026-07-25T12:00,37.8,36.9
2026-07-25T13:00,38.8,38.0
2026-07-25T14:00,39.8,39.3
2026-07-25T15:00,39.3,39.1
2026-07-25T16:00,39.9,39.7
2026-07-25T17:00,41.4,41.2
2026-07-25T18:00,41.8,41.3
2026-07-25T19:00,36.4,35.9
2026-07-25T20:00,37.1,35.2
2026-07-25T21:00,31.2,28.8
2026-07-25T22:00,29.6,27.1
2026-07-25T23:00,27.6,25.3
2026-07-26T00:00,25.6,23.3
2026-07-26T01:00,23.3,21.2
2026-07-26T02:00,21.7,19.6
2026-07-26T03:00,21.5,19.4
2026-07-26T04:00,22.8,20.6
2026-07-26T05:00,22.6,20.4
2026-07-26T06:00,22.0,19.8
2026-07-26T07:00,23.2,21.1
2026-07-26T08:00,9.0,8.8
2026-07-26T09:00,13.9,13.5
2026-07-26T10:00,14.6,14.2
2026-07-26T11:00,21.4,21.3
2026-07-26T12:00,35.6,35.6
2026-07-26T13:00,47.1,47.0
2026-07-26T14:00,54.8,54.7
2026-07-26T15:00,62.4,62.2
2026-07-26T16:00,64.5,64.3
2026-07-26T17:00,61.5,61.0
2026-07-26T18:00,58.3,57.9
2026-07-26T19:00,59.6,59.3
2026-07-26T20:00,57.6,57.2
2026-07-26T21:00,56.7,56.2
2026-07-26T22:00,51.1,50.5
2026-07-26T23:00,52.0,51.3
2026-07-27T00:00,54.4,53.4
2026-07-27T01:00,51.6,50.8
2026-07-27T02:00,49.5,48.7
2026-07-27T03:00,41.8,41.1
2026-07-27T04:00,37.3,36.7
2026-07-27T05:00,32.7,32.0
2026-07-27T06:00,32.1,31.3
2026-07-27T07:00,32.5,31.7
2026-07-27T08:00,34.6,34.1
2026-07-27T09:00,34.8,34.3
2026-07-27T10:00,34.1,33.6
2026-07-27T11:00,33.4,33.1
2026-07-27T12:00,37.8,37.5
2026-07-27T13:00,43.5,43.1
2026-07-27T14:00,47.3,46.8
2026-07-27T15:00,46.7,46.2
2026-07-27T16:00,40.3,39.8
2026-07-27T17:00,32.8,32.4
2026-07-27T18:00,33.1,32.6
2026-07-27T19:00,31.4,30.9
2026-07-27T20:00,44.8,44.0
2026-07-27T21:00,37.8,37.1
2026-07-27T22:00,24.0,23.4
2026-07-27T23:00,17.1,16.5
2026-07-28T00:00,13.5,13.0
2026-07-28T01:00,12.0,11.5
2026-07-28T02:00,10.9,10.3
2026-07-28T03:00,10.7,10.2
2026-07-28T04:00,10.4,10.1
2026-07-28T05:00,9.9,9.6
2026-07-28T06:00,9.7,9.4
2026-07-28T07:00,11.9,11.4
2026-07-28T08:00,5.4,5.0
2026-07-28T09:00,7.1,6.3
2026-07-28T10:00,7.9,7.2
2026-07-28T11:00,10.1,9.8
2026-07-28T12:00,14.5,14.3
2026-07-28T13:00,18.5,18.2
2026-07-28T14:00,22.6,22.3
2026-07-28T15:00,25.6,25.2
2026-07-28T16:00,27.7,27.4
2026-07-28T17:00,27.9,27.6
2026-07-28T18:00,29.7,29.4
2026-07-28T19:00,32.7,32.2
2026-07-28T20:00,31.8,30.9
2026-07-28T21:00,31.7,30.9
2026-07-28T22:00,32.7,32.0
2026-07-28T23:00,33.2,32.4
2026-07-29T00:00,31.3,30.7
2026-07-29T01:00,27.5,26.9
2026-07-29T02:00,23.3,22.9
2026-07-29T03:00,19.2,18.7
2026-07-29T04:00,15.8,15.5
2026-07-29T05:00,13.4,13.1
2026-07-29T06:00,11.4,11.1
2026-07-29T07:00,10.0,9.7
2026-07-29T08:00,16.8,16.7
2026-07-29T09:00,21.9,21.7
2026-07-29T10:00,27.5,27.3
2026-07-29T11:00,25.8,25.6
2026-07-29T12:00,24.7,24.4
2026-07-29T13:00,25.8,25.0
2026-07-29T14:00,25.8,24.7
2026-07-29T15:00,24.7,23.6
2026-07-29T16:00,25.6,24.4
2026-07-29T17:00,28.6,27.3
2026-07-29T18:00,33.2,31.7
2026-07-29T19:00,37.6,36.0
2026-07-29T20:00,29.0,25.6
2026-07-29T21:00,27.2,23.7
2026-07-29T22:00,26.0,22.7
2026-07-29T23:00,23.6,20.6
2026-07-30T00:00,21.0,18.3
2026-07-30T01:00,18.0,15.5
2026-07-30T02:00,14.8,12.7
2026-07-30T03:00,11.6,9.7
2026-07-30T04:00,8.3,6.8
2026-07-30T05:00,6.9,5.5
2026-07-30T06:00,6.5,5.2
2026-07-30T07:00,8.1,6.9
2026-07-30T08:00,5.0,5.0
2026-07-30T09:00,14.2,13.9
2026-07-30T10:00,21.7,21.4
2026-07-30T11:00,39.2,39.1
2026-07-30T12:00,24.1,24.1
2026-07-30T13:00,24.3,24.3
2026-07-30T14:00,31.4,31.4
2026-07-30T15:00,37.0,37.0
2026-07-30T16:00,40.7,40.7
2026-07-30T17:00,43.5,43.4
2026-07-30T18:00,54.4,54.2
2026-07-30T19:00,68.0,68.0
2026-07-30T20:00,87.5,87.5
2026-07-30T21:00,90.1,89.9
2026-07-30T22:00,84.1,84.1
2026-07-30T23:00,78.5,78.2
2026-07-31T00:00,71.9,71.7
2026-07-31T01:00,67.1,66.8
2026-07-31T02:00,61.9,61.7
2026-07-31T03:00,55.9,55.6
2026-07-31T04:00,51.9,51.6
2026-07-31T05:00,48.7,48.3
2026-07-31T06:00,43.0,42.6
2026-07-31T07:00,38.1,37.7
2026-07-31T08:00,36.2,35.5
2026-07-31T09:00,36.8,36.3
2026-07-31T10:00,29.4,29.3
2026-07-31T11:00,11.8,11.7
2026-07-31T12:00,3.9,3.8
2026-07-31T13:00,2.8,2.7
2026-07-31T14:00,5.1,5.1
2026-07-31T15:00,3.8,3.7
2026-07-31T16:00,4.2,4.2
2026-07-31T17:00,4.6,4.5
2026-07-31T18:00,4.2,4.1
2026-07-31T19:00,3.7,3.7
2026-07-31T20:00,7.5,7.3
2026-07-31T21:00,8.7,8.4
2026-07-31T22:00,8.1,7.8
2026-07-31T23:00,8.8,8.4
